,year,count_date,fish_count_x,Species_x,Species_ID_x,count_location,count_location_ID,fish_count_y,Species_y,Species_ID_y
0,2022,6/6/22,330,Sockeye,420,Nushagak River,51,132,Chinook,410
1,2022,6/7/22,244,Sockeye,420,Nushagak River,51,98,Chinook,410
2,2022,6/8/22,205,Sockeye,420,Nushagak River,51,131,Chinook,410
3,2022,6/9/22,448,Sockeye,420,Nushagak River,51,134,Chinook,410
4,2022,6/10/22,514,Sockeye,420,Nushagak River,51,692,Chinook,410
5,2022,6/11/22,630,Sockeye,420,Nushagak River,51,774,Chinook,410
6,2022,6/12/22,2763,Sockeye,420,Nushagak River,51,2071,Chinook,410
7,2022,6/13/22,6502,Sockeye,420,Nushagak River,51,2959,Chinook,410
8,2022,6/14/22,2337,Sockeye,420,Nushagak River,51,1636,Chinook,410
9,2022,6/15/22,2947,Sockeye,420,Nushagak River,51,322,Chinook,410
10,2022,6/16/22,2842,Sockeye,420,Nushagak River,51,286,Chinook,410
11,2022,6/17/22,3152,Sockeye,420,Nushagak River,51,1633,Chinook,410
12,2022,6/18/22,20434,Sockeye,420,Nushagak River,51,7054,Chinook,410
13,2022,6/19/22,72252,Sockeye,420,Nushagak River,51,3618,Chinook,410
14,2022,6/20/22,75159,Sockeye,420,Nushagak River,51,1435,Chinook,410
15,2022,6/21/22,40096,Sockeye,420,Nushagak River,51,1557,Chinook,410
16,2022,6/22/22,41415,Sockeye,420,Nushagak River,51,5850,Chinook,410
17,2022,6/23/22,118530,Sockeye,420,Nushagak River,51,3781,Chinook,410
18,2022,6/24/22,506051,Sockeye,420,Nushagak River,51,688,Chinook,410
19,2022,6/25/22,215234,Sockeye,420,Nushagak River,51,475,Chinook,410
20,2022,6/26/22,806837,Sockeye,420,Nushagak River,51,2659,Chinook,410
21,2022,6/27/22,82531,Sockeye,420,Nushagak River,51,493,Chinook,410
22,2022,6/28/22,215285,Sockeye,420,Nushagak River,51,1871,Chinook,410
23,2022,6/29/22,102710,Sockeye,420,Nushagak River,51,171,Chinook,410
24,2022,6/30/22,31437,Sockeye,420,Nushagak River,51,369,Chinook,410
25,2022,7/1/22,82871,Sockeye,420,Nushagak River,51,0,Chinook,410
26,2022,7/2/22,134747,Sockeye,420,Nushagak River,51,198,Chinook,410
27,2022,7/3/22,67956,Sockeye,420,Nushagak River,51,68,Chinook,410
28,2022,7/4/22,30313,Sockeye,420,Nushagak River,51,95,Chinook,410
29,2022,7/5/22,109153,Sockeye,420,Nushagak River,51,723,Chinook,410
30,2022,7/6/22,99799,Sockeye,420,Nushagak River,51,0,Chinook,410
31,2022,7/7/22,81145,Sockeye,420,Nushagak River,51,112,Chinook,410
32,2022,7/8/22,62441,Sockeye,420,Nushagak River,51,104,Chinook,410
33,2022,7/9/22,50881,Sockeye,420,Nushagak River,51,191,Chinook,410
34,2022,7/10/22,80087,Sockeye,420,Nushagak River,51,392,Chinook,410
35,2022,7/11/22,81639,Sockeye,420,Nushagak River,51,44,Chinook,410
36,2022,7/12/22,66706,Sockeye,420,Nushagak River,51,98,Chinook,410
37,2022,7/13/22,32667,Sockeye,420,Nushagak River,51,82,Chinook,410
38,2022,7/14/22,20224,Sockeye,420,Nushagak River,51,388,Chinook,410
39,2022,7/15/22,15401,Sockeye,420,Nushagak River,51,166,Chinook,410
40,2022,7/16/22,8753,Sockeye,420,Nushagak River,51,159,Chinook,410
41,2022,7/17/22,7300,Sockeye,420,Nushagak River,51,96,Chinook,410
42,2022,7/18/22,6905,Sockeye,420,Nushagak River,51,135,Chinook,410
43,2022,7/19/22,9098,Sockeye,420,Nushagak River,51,91,Chinook,410
44,2022,7/20/22,7457,Sockeye,420,Nushagak River,51,87,Chinook,410
45,2022,7/21/22,7771,Sockeye,420,Nushagak River,51,65,Chinook,410
46,2022,7/22/22,14910,Sockeye,420,Nushagak River,51,0,Chinook,410
47,2022,7/23/22,12749,Sockeye,420,Nushagak River,51,140,Chinook,410
48,2022,7/24/22,5793,Sockeye,420,Nushagak River,51,23,Chinook,410
49,2022,7/25/22,7621,Sockeye,420,Nushagak River,51,88,Chinook,410
50,2021,6/6/21,136,Sockeye,420,Nushagak River,51,297,Chinook,410
51,2021,6/7/21,296,Sockeye,420,Nushagak River,51,589,Chinook,410
52,2021,6/8/21,357,Sockeye,420,Nushagak River,51,688,Chinook,410
53,2021,6/9/21,513,Sockeye,420,Nushagak River,51,286,Chinook,410
54,2021,6/10/21,354,Sockeye,420,Nushagak River,51,147,Chinook,410
55,2021,6/11/21,450,Sockeye,420,Nushagak River,51,181,Chinook,410
56,2021,6/12/21,773,Sockeye,420,Nushagak River,51,312,Chinook,410
57,2021,6/13/21,2079,Sockeye,420,Nushagak River,51,82,Chinook,410
58,2021,6/14/21,2686,Sockeye,420,Nushagak River,51,58,Chinook,410
59,2021,6/15/21,1702,Sockeye,420,Nushagak River,51,81,Chinook,410
60,2021,6/16/21,21938,Sockeye,420,Nushagak River,51,878,Chinook,410
61,2021,6/17/21,27207,Sockeye,420,Nushagak River,51,527,Chinook,410
62,2021,6/18/21,14769,Sockeye,420,Nushagak River,51,204,Chinook,410
63,2021,6/19/21,5018,Sockeye,420,Nushagak River,51,160,Chinook,410
64,2021,6/20/21,5440,Sockeye,420,Nushagak River,51,444,Chinook,410
65,2021,6/21/21,2307,Sockeye,420,Nushagak River,51,209,Chinook,410
66,2021,6/22/21,4740,Sockeye,420,Nushagak River,51,79,Chinook,410
67,2021,6/23/21,186187,Sockeye,420,Nushagak River,51,2305,Chinook,410
68,2021,6/24/21,331728,Sockeye,420,Nushagak River,51,5997,Chinook,410
69,2021,6/25/21,221925,Sockeye,420,Nushagak River,51,1159,Chinook,410
70,2021,6/26/21,301185,Sockeye,420,Nushagak River,51,2368,Chinook,410
71,2021,6/27/21,286244,Sockeye,420,Nushagak River,51,950,Chinook,410
72,2021,6/28/21,220810,Sockeye,420,Nushagak River,51,2648,Chinook,410
73,2021,6/29/21,120488,Sockeye,420,Nushagak River,51,3746,Chinook,410
74,2021,6/30/21,54834,Sockeye,420,Nushagak River,51,1856,Chinook,410
75,2021,7/1/21,190627,Sockeye,420,Nushagak River,51,5829,Chinook,410
76,2021,7/2/21,508463,Sockeye,420,Nushagak River,51,1316,Chinook,410
77,2021,7/3/21,485450,Sockeye,420,Nushagak River,51,3281,Chinook,410
78,2021,7/4/21,170783,Sockeye,420,Nushagak River,51,107,Chinook,410
79,2021,7/5/21,104882,Sockeye,420,Nushagak River,51,1863,Chinook,410
80,2021,7/6/21,328724,Sockeye,420,Nushagak River,51,3003,Chinook,410
81,2021,7/7/21,207913,Sockeye,420,Nushagak River,51,2915,Chinook,410
82,2021,7/8/21,209815,Sockeye,420,Nushagak River,51,752,Chinook,410
83,2021,7/9/21,152041,Sockeye,420,Nushagak River,51,1889,Chinook,410
84,2021,7/10/21,149546,Sockeye,420,Nushagak River,51,2094,Chinook,410
85,2021,7/11/21,97527,Sockeye,420,Nushagak River,51,80,Chinook,410
86,2021,7/12/21,24919,Sockeye,420,Nushagak River,51,1245,Chinook,410
87,2021,7/13/21,30944,Sockeye,420,Nushagak River,51,29,Chinook,410
88,2021,7/14/21,48228,Sockeye,420,Nushagak River,51,1596,Chinook,410
89,2021,7/15/21,64522,Sockeye,420,Nushagak River,51,748,Chinook,410
90,2021,7/16/21,30633,Sockeye,420,Nushagak River,51,111,Chinook,410
91,2021,7/17/21,18011,Sockeye,420,Nushagak River,51,97,Chinook,410
92,2021,7/18/21,14904,Sockeye,420,Nushagak River,51,335,Chinook,410
93,2021,7/19/21,7048,Sockeye,420,Nushagak River,51,363,Chinook,410
94,2021,7/20/21,6008,Sockeye,420,Nushagak River,51,7,Chinook,410
95,2021,7/21/21,10273,Sockeye,420,Nushagak River,51,44,Chinook,410
96,2021,7/22/21,7776,Sockeye,420,Nushagak River,51,329,Chinook,410
97,2021,7/23/21,5227,Sockeye,420,Nushagak River,51,55,Chinook,410
98,2021,7/24/21,4490,Sockeye,420,Nushagak River,51,309,Chinook,410
99,2021,7/25/21,4379,Sockeye,420,Nushagak River,51,574,Chinook,410
100,2020,6/6/20,389,Sockeye,420,Nushagak River,51,72,Chinook,410
101,2020,6/7/20,579,Sockeye,420,Nushagak River,51,111,Chinook,410
102,2020,6/8/20,539,Sockeye,420,Nushagak River,51,124,Chinook,410
103,2020,6/9/20,648,Sockeye,420,Nushagak River,51,88,Chinook,410
104,2020,6/10/20,1089,Sockeye,420,Nushagak River,51,149,Chinook,410
105,2020,6/11/20,904,Sockeye,420,Nushagak River,51,94,Chinook,410
106,2020,6/12/20,1114,Sockeye,420,Nushagak River,51,8,Chinook,410
107,2020,6/13/20,1688,Sockeye,420,Nushagak River,51,-4,Chinook,410
108,2020,6/14/20,1459,Sockeye,420,Nushagak River,51,70,Chinook,410
109,2020,6/15/20,1282,Sockeye,420,Nushagak River,51,173,Chinook,410
110,2020,6/16/20,3548,Sockeye,420,Nushagak River,51,495,Chinook,410
111,2020,6/17/20,4779,Sockeye,420,Nushagak River,51,2877,Chinook,410
112,2020,6/18/20,12025,Sockeye,420,Nushagak River,51,4288,Chinook,410
113,2020,6/19/20,10962,Sockeye,420,Nushagak River,51,164,Chinook,410
114,2020,6/20/20,9186,Sockeye,420,Nushagak River,51,985,Chinook,410
115,2020,6/21/20,8377,Sockeye,420,Nushagak River,51,916,Chinook,410
116,2020,6/22/20,14746,Sockeye,420,Nushagak River,51,875,Chinook,410
117,2020,6/23/20,12793,Sockeye,420,Nushagak River,51,1179,Chinook,410
118,2020,6/24/20,27539,Sockeye,420,Nushagak River,51,3281,Chinook,410
119,2020,6/25/20,73946,Sockeye,420,Nushagak River,51,5650,Chinook,410
120,2020,6/26/20,55080,Sockeye,420,Nushagak River,51,3391,Chinook,410
121,2020,6/27/20,27267,Sockeye,420,Nushagak River,51,1974,Chinook,410
122,2020,6/28/20,14736,Sockeye,420,Nushagak River,51,2596,Chinook,410
123,2020,6/29/20,30606,Sockeye,420,Nushagak River,51,1095,Chinook,410
124,2020,6/30/20,31564,Sockeye,420,Nushagak River,51,1227,Chinook,410
125,2020,7/1/20,56933,Sockeye,420,Nushagak River,51,1874,Chinook,410
126,2020,7/2/20,36615,Sockeye,420,Nushagak River,51,25,Chinook,410
127,2020,7/3/20,13866,Sockeye,420,Nushagak River,51,161,Chinook,410
128,2020,7/4/20,4981,Sockeye,420,Nushagak River,51,108,Chinook,410
129,2020,7/5/20,5427,Sockeye,420,Nushagak River,51,263,Chinook,410
130,2020,7/6/20,10142,Sockeye,420,Nushagak River,51,602,Chinook,410
131,2020,7/7/20,109690,Sockeye,420,Nushagak River,51,2912,Chinook,410
132,2020,7/8/20,123474,Sockeye,420,Nushagak River,51,3,Chinook,410
133,2020,7/9/20,152674,Sockeye,420,Nushagak River,51,17,Chinook,410
134,2020,7/10/20,99072,Sockeye,420,Nushagak River,51,311,Chinook,410
135,2020,7/11/20,49583,Sockeye,420,Nushagak River,51,1001,Chinook,410
136,2020,7/12/20,50963,Sockeye,420,Nushagak River,51,793,Chinook,410
137,2020,7/13/20,44754,Sockeye,420,Nushagak River,51,141,Chinook,410
138,2020,7/14/20,37189,Sockeye,420,Nushagak River,51,17,Chinook,410
139,2020,7/15/20,19878,Sockeye,420,Nushagak River,51,685,Chinook,410
140,2020,7/16/20,13110,Sockeye,420,Nushagak River,51,452,Chinook,410
141,2020,7/17/20,14280,Sockeye,420,Nushagak River,51,561,Chinook,410
142,2020,7/18/20,9369,Sockeye,420,Nushagak River,51,-3,Chinook,410
143,2020,7/19/20,4389,Sockeye,420,Nushagak River,51,8,Chinook,410
144,2020,7/20/20,5184,Sockeye,420,Nushagak River,51,80,Chinook,410
145,2020,7/21/20,4548,Sockeye,420,Nushagak River,51,98,Chinook,410
146,2020,7/22/20,4967,Sockeye,420,Nushagak River,51,711,Chinook,410
147,2020,7/23/20,3364,Sockeye,420,Nushagak River,51,116,Chinook,410
148,2020,7/24/20,3182,Sockeye,420,Nushagak River,51,76,Chinook,410
149,2020,7/25/20,3580,Sockeye,420,Nushagak River,51,142,Chinook,410
150,2019,6/6/19,270,Sockeye,420,Nushagak River,51,208,Chinook,410
151,2019,6/7/19,543,Sockeye,420,Nushagak River,51,388,Chinook,410
152,2019,6/8/19,323,Sockeye,420,Nushagak River,51,108,Chinook,410
153,2019,6/9/19,490,Sockeye,420,Nushagak River,51,213,Chinook,410
154,2019,6/10/19,794,Sockeye,420,Nushagak River,51,291,Chinook,410
155,2019,6/11/19,746,Sockeye,420,Nushagak River,51,252,Chinook,410
156,2019,6/12/19,805,Sockeye,420,Nushagak River,51,227,Chinook,410
157,2019,6/13/19,1138,Sockeye,420,Nushagak River,51,1279,Chinook,410
158,2019,6/14/19,1689,Sockeye,420,Nushagak River,51,1362,Chinook,410
159,2019,6/15/19,2978,Sockeye,420,Nushagak River,51,2919,Chinook,410
160,2019,6/16/19,4463,Sockeye,420,Nushagak River,51,4175,Chinook,410
161,2019,6/17/19,6460,Sockeye,420,Nushagak River,51,1076,Chinook,410
162,2019,6/18/19,5366,Sockeye,420,Nushagak River,51,317,Chinook,410
163,2019,6/19/19,10034,Sockeye,420,Nushagak River,51,878,Chinook,410
164,2019,6/20/19,31703,Sockeye,420,Nushagak River,51,4713,Chinook,410
165,2019,6/21/19,35002,Sockeye,420,Nushagak River,51,3881,Chinook,410
166,2019,6/22/19,13673,Sockeye,420,Nushagak River,51,2001,Chinook,410
167,2019,6/23/19,16353,Sockeye,420,Nushagak River,51,1950,Chinook,410
168,2019,6/24/19,13278,Sockeye,420,Nushagak River,51,2066,Chinook,410
169,2019,6/25/19,23219,Sockeye,420,Nushagak River,51,1623,Chinook,410
170,2019,6/26/19,16591,Sockeye,420,Nushagak River,51,1094,Chinook,410
171,2019,6/27/19,10516,Sockeye,420,Nushagak River,51,397,Chinook,410
172,2019,6/28/19,16150,Sockeye,420,Nushagak River,51,1209,Chinook,410
173,2019,6/29/19,30566,Sockeye,420,Nushagak River,51,856,Chinook,410
174,2019,6/30/19,65393,Sockeye,420,Nushagak River,51,1787,Chinook,410
175,2019,7/1/19,71161,Sockeye,420,Nushagak River,51,1075,Chinook,410
176,2019,7/2/19,25380,Sockeye,420,Nushagak River,51,792,Chinook,410
177,2019,7/3/19,23523,Sockeye,420,Nushagak River,51,46,Chinook,410
178,2019,7/4/19,21509,Sockeye,420,Nushagak River,51,362,Chinook,410
179,2019,7/5/19,11539,Sockeye,420,Nushagak River,51,778,Chinook,410
180,2019,7/6/19,12517,Sockeye,420,Nushagak River,51,339,Chinook,410
181,2019,7/7/19,9333,Sockeye,420,Nushagak River,51,1087,Chinook,410
182,2019,7/8/19,21318,Sockeye,420,Nushagak River,51,91,Chinook,410
183,2019,7/9/19,20376,Sockeye,420,Nushagak River,51,22,Chinook,410
184,2019,7/10/19,28900,Sockeye,420,Nushagak River,51,74,Chinook,410
185,2019,7/11/19,23547,Sockeye,420,Nushagak River,51,749,Chinook,410
186,2019,7/12/19,19555,Sockeye,420,Nushagak River,51,0,Chinook,410
187,2019,7/13/19,17210,Sockeye,420,Nushagak River,51,47,Chinook,410
188,2019,7/14/19,16064,Sockeye,420,Nushagak River,51,0,Chinook,410
189,2019,7/15/19,6236,Sockeye,420,Nushagak River,51,772,Chinook,410
190,2019,7/16/19,3410,Sockeye,420,Nushagak River,51,0,Chinook,410
191,2019,7/17/19,12772,Sockeye,420,Nushagak River,51,1526,Chinook,410
192,2019,7/18/19,11359,Sockeye,420,Nushagak River,51,325,Chinook,410
193,2019,7/19/19,7191,Sockeye,420,Nushagak River,51,269,Chinook,410
194,2019,7/20/19,4076,Sockeye,420,Nushagak River,51,0,Chinook,410
195,2019,7/21/19,3749,Sockeye,420,Nushagak River,51,0,Chinook,410
196,2019,7/22/19,8890,Sockeye,420,Nushagak River,51,0,Chinook,410
197,2019,7/23/19,5520,Sockeye,420,Nushagak River,51,0,Chinook,410
198,2019,7/24/19,2002,Sockeye,420,Nushagak River,51,140,Chinook,410
199,2019,7/25/19,88,Sockeye,420,Nushagak River,51,231,Chinook,410
200,2019,7/26/19,253,Sockeye,420,Nushagak River,51,195,Chinook,410
201,2019,7/27/19,612,Sockeye,420,Nushagak River,51,101,Chinook,410
202,2019,7/28/19,379,Sockeye,420,Nushagak River,51,37,Chinook,410
203,2019,7/29/19,176,Sockeye,420,Nushagak River,51,42,Chinook,410
204,2019,7/30/19,182,Sockeye,420,Nushagak River,51,64,Chinook,410
205,2019,7/31/19,176,Sockeye,420,Nushagak River,51,0,Chinook,410
206,2019,8/1/19,187,Sockeye,420,Nushagak River,51,0,Chinook,410
207,2019,8/2/19,444,Sockeye,420,Nushagak River,51,0,Chinook,410
208,2019,8/3/19,510,Sockeye,420,Nushagak River,51,0,Chinook,410
209,2019,8/4/19,544,Sockeye,420,Nushagak River,51,810,Chinook,410
210,2019,8/5/19,346,Sockeye,420,Nushagak River,51,531,Chinook,410
211,2019,8/6/19,400,Sockeye,420,Nushagak River,51,396,Chinook,410
212,2019,8/7/19,488,Sockeye,420,Nushagak River,51,592,Chinook,410
213,2019,8/8/19,2072,Sockeye,420,Nushagak River,51,0,Chinook,410
214,2019,8/9/19,1506,Sockeye,420,Nushagak River,51,0,Chinook,410
215,2019,8/10/19,830,Sockeye,420,Nushagak River,51,0,Chinook,410
216,2019,8/11/19,658,Sockeye,420,Nushagak River,51,0,Chinook,410
217,2019,8/12/19,670,Sockeye,420,Nushagak River,51,0,Chinook,410
218,2019,8/13/19,558,Sockeye,420,Nushagak River,51,0,Chinook,410
219,2019,8/14/19,1274,Sockeye,420,Nushagak River,51,0,Chinook,410
220,2019,8/15/19,750,Sockeye,420,Nushagak River,51,0,Chinook,410
221,2019,8/16/19,370,Sockeye,420,Nushagak River,51,0,Chinook,410
222,2019,8/17/19,278,Sockeye,420,Nushagak River,51,0,Chinook,410
223,2018,6/7/18,47,Sockeye,420,Nushagak River,51,35,Chinook,410
224,2018,6/8/18,85,Sockeye,420,Nushagak River,51,53,Chinook,410
225,2018,6/9/18,450,Sockeye,420,Nushagak River,51,29,Chinook,410
226,2018,6/10/18,424,Sockeye,420,Nushagak River,51,47,Chinook,410
227,2018,6/11/18,368,Sockeye,420,Nushagak River,51,17,Chinook,410
228,2018,6/12/18,452,Sockeye,420,Nushagak River,51,131,Chinook,410
229,2018,6/13/18,1304,Sockeye,420,Nushagak River,51,335,Chinook,410
230,2018,6/14/18,1977,Sockeye,420,Nushagak River,51,2759,Chinook,410
231,2018,6/15/18,3942,Sockeye,420,Nushagak River,51,4266,Chinook,410
232,2018,6/16/18,1651,Sockeye,420,Nushagak River,51,2256,Chinook,410
233,2018,6/17/18,6117,Sockeye,420,Nushagak River,51,4419,Chinook,410
234,2018,6/18/18,5819,Sockeye,420,Nushagak River,51,3812,Chinook,410
235,2018,6/19/18,11431,Sockeye,420,Nushagak River,51,7509,Chinook,410
236,2018,6/20/18,11885,Sockeye,420,Nushagak River,51,6630,Chinook,410
237,2018,6/21/18,18526,Sockeye,420,Nushagak River,51,4707,Chinook,410
238,2018,6/22/18,11744,Sockeye,420,Nushagak River,51,3157,Chinook,410
239,2018,6/23/18,6623,Sockeye,420,Nushagak River,51,3017,Chinook,410
240,2018,6/24/18,3523,Sockeye,420,Nushagak River,51,1874,Chinook,410
241,2018,6/25/18,13385,Sockeye,420,Nushagak River,51,2490,Chinook,410
242,2018,6/26/18,15873,Sockeye,420,Nushagak River,51,5665,Chinook,410
243,2018,6/27/18,14510,Sockeye,420,Nushagak River,51,4185,Chinook,410
244,2018,6/28/18,18735,Sockeye,420,Nushagak River,51,2977,Chinook,410
245,2018,6/29/18,16635,Sockeye,420,Nushagak River,51,1691,Chinook,410
246,2018,6/30/18,18452,Sockeye,420,Nushagak River,51,979,Chinook,410
247,2018,7/1/18,8550,Sockeye,420,Nushagak River,51,677,Chinook,410
248,2018,7/2/18,70392,Sockeye,420,Nushagak River,51,5179,Chinook,410
249,2018,7/3/18,120591,Sockeye,420,Nushagak River,51,2266,Chinook,410
250,2018,7/4/18,32055,Sockeye,420,Nushagak River,51,2579,Chinook,410
251,2018,7/5/18,52002,Sockeye,420,Nushagak River,51,1357,Chinook,410
252,2018,7/6/18,51053,Sockeye,420,Nushagak River,51,1772,Chinook,410
253,2018,7/7/18,40487,Sockeye,420,Nushagak River,51,1043,Chinook,410
254,2018,7/8/18,46617,Sockeye,420,Nushagak River,51,982,Chinook,410
255,2018,7/9/18,45298,Sockeye,420,Nushagak River,51,1104,Chinook,410
256,2018,7/10/18,47202,Sockeye,420,Nushagak River,51,2144,Chinook,410
257,2018,7/11/18,37307,Sockeye,420,Nushagak River,51,2002,Chinook,410
258,2018,7/12/18,69006,Sockeye,420,Nushagak River,51,689,Chinook,410
259,2018,7/13/18,71921,Sockeye,420,Nushagak River,51,1141,Chinook,410
260,2018,7/14/18,45206,Sockeye,420,Nushagak River,51,1073,Chinook,410
261,2018,7/15/18,47573,Sockeye,420,Nushagak River,51,154,Chinook,410
262,2018,7/16/18,22747,Sockeye,420,Nushagak River,51,0,Chinook,410
263,2018,7/17/18,18720,Sockeye,420,Nushagak River,51,909,Chinook,410
264,2018,7/18/18,19855,Sockeye,420,Nushagak River,51,665,Chinook,410
265,2018,7/19/18,19023,Sockeye,420,Nushagak River,51,433,Chinook,410
266,2018,7/20/18,13036,Sockeye,420,Nushagak River,51,369,Chinook,410
267,2018,7/21/18,11569,Sockeye,420,Nushagak River,51,488,Chinook,410
268,2018,7/22/18,27396,Sockeye,420,Nushagak River,51,530,Chinook,410
269,2018,7/23/18,15445,Sockeye,420,Nushagak River,51,1239,Chinook,410
270,2018,7/24/18,13535,Sockeye,420,Nushagak River,51,381,Chinook,410
271,2018,7/25/18,3361,Sockeye,420,Nushagak River,51,444,Chinook,410
272,2018,7/26/18,5849,Sockeye,420,Nushagak River,51,685,Chinook,410
273,2018,7/27/18,14442,Sockeye,420,Nushagak River,51,74,Chinook,410
274,2018,7/28/18,10505,Sockeye,420,Nushagak River,51,134,Chinook,410
275,2018,7/29/18,18517,Sockeye,420,Nushagak River,51,273,Chinook,410
276,2018,7/30/18,12101,Sockeye,420,Nushagak River,51,608,Chinook,410
277,2018,7/31/18,11424,Sockeye,420,Nushagak River,51,1173,Chinook,410
278,2018,8/1/18,13842,Sockeye,420,Nushagak River,51,150,Chinook,410
279,2018,8/2/18,7025,Sockeye,420,Nushagak River,51,230,Chinook,410
280,2018,8/3/18,5251,Sockeye,420,Nushagak River,51,435,Chinook,410
281,2018,8/4/18,1937,Sockeye,420,Nushagak River,51,166,Chinook,410
282,2018,8/5/18,1550,Sockeye,420,Nushagak River,51,0,Chinook,410
283,2018,8/6/18,1522,Sockeye,420,Nushagak River,51,0,Chinook,410
284,2018,8/7/18,3402,Sockeye,420,Nushagak River,51,0,Chinook,410
285,2018,8/8/18,768,Sockeye,420,Nushagak River,51,0,Chinook,410
286,2018,8/9/18,2498,Sockeye,420,Nushagak River,51,244,Chinook,410
287,2018,8/10/18,10,Sockeye,420,Nushagak River,51,97,Chinook,410
288,2018,8/11/18,783,Sockeye,420,Nushagak River,51,92,Chinook,410
289,2018,8/12/18,802,Sockeye,420,Nushagak River,51,130,Chinook,410
290,2018,8/13/18,341,Sockeye,420,Nushagak River,51,0,Chinook,410
291,2018,8/14/18,364,Sockeye,420,Nushagak River,51,0,Chinook,410
292,2018,8/15/18,295,Sockeye,420,Nushagak River,51,56,Chinook,410
293,2018,8/16/18,200,Sockeye,420,Nushagak River,51,19,Chinook,410
294,2018,8/17/18,127,Sockeye,420,Nushagak River,51,13,Chinook,410
295,2017,6/7/17,257,Sockeye,420,Nushagak River,51,36,Chinook,410
296,2017,6/8/17,417,Sockeye,420,Nushagak River,51,78,Chinook,410
297,2017,6/9/17,473,Sockeye,420,Nushagak River,51,85,Chinook,410
298,2017,6/10/17,616,Sockeye,420,Nushagak River,51,62,Chinook,410
299,2017,6/11/17,466,Sockeye,420,Nushagak River,51,66,Chinook,410
300,2017,6/12/17,1552,Sockeye,420,Nushagak River,51,231,Chinook,410
301,2017,6/13/17,3684,Sockeye,420,Nushagak River,51,485,Chinook,410
302,2017,6/14/17,2442,Sockeye,420,Nushagak River,51,108,Chinook,410
303,2017,6/15/17,7014,Sockeye,420,Nushagak River,51,356,Chinook,410
304,2017,6/16/17,21455,Sockeye,420,Nushagak River,51,201,Chinook,410
305,2017,6/17/17,24566,Sockeye,420,Nushagak River,51,92,Chinook,410
306,2017,6/18/17,50374,Sockeye,420,Nushagak River,51,537,Chinook,410
307,2017,6/19/17,50206,Sockeye,420,Nushagak River,51,284,Chinook,410
308,2017,6/20/17,46021,Sockeye,420,Nushagak River,51,410,Chinook,410
309,2017,6/21/17,76400,Sockeye,420,Nushagak River,51,1246,Chinook,410
310,2017,6/22/17,294242,Sockeye,420,Nushagak River,51,10633,Chinook,410
311,2017,6/23/17,204265,Sockeye,420,Nushagak River,51,1826,Chinook,410
312,2017,6/24/17,74151,Sockeye,420,Nushagak River,51,564,Chinook,410
313,2017,6/25/17,20709,Sockeye,420,Nushagak River,51,2369,Chinook,410
314,2017,6/26/17,12269,Sockeye,420,Nushagak River,51,1114,Chinook,410
315,2017,6/27/17,45748,Sockeye,420,Nushagak River,51,2783,Chinook,410
316,2017,6/28/17,58847,Sockeye,420,Nushagak River,51,8880,Chinook,410
317,2017,6/29/17,50957,Sockeye,420,Nushagak River,51,1374,Chinook,410
318,2017,6/30/17,42998,Sockeye,420,Nushagak River,51,1017,Chinook,410
319,2017,7/1/17,30149,Sockeye,420,Nushagak River,51,3161,Chinook,410
320,2017,7/2/17,14796,Sockeye,420,Nushagak River,51,4254,Chinook,410
321,2017,7/3/17,21559,Sockeye,420,Nushagak River,51,1065,Chinook,410
322,2017,7/4/17,363047,Sockeye,420,Nushagak River,51,902,Chinook,410
323,2017,7/5/17,440612,Sockeye,420,Nushagak River,51,2240,Chinook,410
324,2017,7/6/17,199591,Sockeye,420,Nushagak River,51,4597,Chinook,410
325,2017,7/7/17,69605,Sockeye,420,Nushagak River,51,2215,Chinook,410
326,2017,7/8/17,62550,Sockeye,420,Nushagak River,51,760,Chinook,410
327,2017,7/9/17,74750,Sockeye,420,Nushagak River,51,165,Chinook,410
328,2017,7/10/17,134244,Sockeye,420,Nushagak River,51,320,Chinook,410
329,2017,7/11/17,104973,Sockeye,420,Nushagak River,51,310,Chinook,410
330,2017,7/12/17,72315,Sockeye,420,Nushagak River,51,199,Chinook,410
331,2017,7/13/17,30838,Sockeye,420,Nushagak River,51,291,Chinook,410
332,2017,7/14/17,40401,Sockeye,420,Nushagak River,51,189,Chinook,410
333,2017,7/15/17,29748,Sockeye,420,Nushagak River,51,193,Chinook,410
334,2017,7/16/17,28611,Sockeye,420,Nushagak River,51,377,Chinook,410
335,2017,7/17/17,11325,Sockeye,420,Nushagak River,51,370,Chinook,410
336,2017,7/18/17,7478,Sockeye,420,Nushagak River,51,123,Chinook,410
337,2017,7/19/17,16922,Sockeye,420,Nushagak River,51,204,Chinook,410
338,2017,7/20/17,8665,Sockeye,420,Nushagak River,51,189,Chinook,410
339,2016,6/6/16,83,Sockeye,420,Nushagak River,51,39,Chinook,410
340,2016,6/7/16,267,Sockeye,420,Nushagak River,51,250,Chinook,410
341,2016,6/8/16,405,Sockeye,420,Nushagak River,51,186,Chinook,410
342,2016,6/9/16,467,Sockeye,420,Nushagak River,51,242,Chinook,410
343,2016,6/10/16,1092,Sockeye,420,Nushagak River,51,1666,Chinook,410
344,2016,6/11/16,1988,Sockeye,420,Nushagak River,51,3153,Chinook,410
345,2016,6/12/16,344,Sockeye,420,Nushagak River,51,955,Chinook,410
346,2016,6/13/16,1461,Sockeye,420,Nushagak River,51,1717,Chinook,410
347,2016,6/14/16,2261,Sockeye,420,Nushagak River,51,8434,Chinook,410
348,2016,6/15/16,9549,Sockeye,420,Nushagak River,51,2151,Chinook,410
349,2016,6/16/16,7431,Sockeye,420,Nushagak River,51,561,Chinook,410
350,2016,6/17/16,10490,Sockeye,420,Nushagak River,51,17024,Chinook,410
351,2016,6/18/16,34328,Sockeye,420,Nushagak River,51,20931,Chinook,410
352,2016,6/19/16,15641,Sockeye,420,Nushagak River,51,5568,Chinook,410
353,2016,6/20/16,22039,Sockeye,420,Nushagak River,51,7886,Chinook,410
354,2016,6/21/16,13610,Sockeye,420,Nushagak River,51,3499,Chinook,410
355,2016,6/22/16,12247,Sockeye,420,Nushagak River,51,2039,Chinook,410
356,2016,6/23/16,7538,Sockeye,420,Nushagak River,51,2004,Chinook,410
357,2016,6/24/16,8733,Sockeye,420,Nushagak River,51,2924,Chinook,410
358,2016,6/25/16,22747,Sockeye,420,Nushagak River,51,4256,Chinook,410
359,2016,6/26/16,10226,Sockeye,420,Nushagak River,51,1551,Chinook,410
360,2016,6/27/16,9515,Sockeye,420,Nushagak River,51,2806,Chinook,410
361,2016,6/28/16,17839,Sockeye,420,Nushagak River,51,1947,Chinook,410
362,2016,6/29/16,14252,Sockeye,420,Nushagak River,51,414,Chinook,410
363,2016,6/30/16,17322,Sockeye,420,Nushagak River,51,2517,Chinook,410
364,2016,7/1/16,25148,Sockeye,420,Nushagak River,51,1951,Chinook,410
365,2016,7/2/16,19032,Sockeye,420,Nushagak River,51,2373,Chinook,410
366,2016,7/3/16,36800,Sockeye,420,Nushagak River,51,6107,Chinook,410
367,2016,7/4/16,79110,Sockeye,420,Nushagak River,51,5028,Chinook,410
368,2016,7/5/16,50031,Sockeye,420,Nushagak River,51,2243,Chinook,410
369,2016,7/6/16,28457,Sockeye,420,Nushagak River,51,2036,Chinook,410
370,2016,7/7/16,25214,Sockeye,420,Nushagak River,51,822,Chinook,410
371,2016,7/8/16,20538,Sockeye,420,Nushagak River,51,1599,Chinook,410
372,2016,7/9/16,13602,Sockeye,420,Nushagak River,51,1306,Chinook,410
373,2016,7/10/16,13968,Sockeye,420,Nushagak River,51,265,Chinook,410
374,2016,7/11/16,28600,Sockeye,420,Nushagak River,51,520,Chinook,410
375,2016,7/12/16,15151,Sockeye,420,Nushagak River,51,181,Chinook,410
376,2016,7/13/16,16055,Sockeye,420,Nushagak River,51,643,Chinook,410
377,2016,7/14/16,14464,Sockeye,420,Nushagak River,51,667,Chinook,410
378,2016,7/15/16,11246,Sockeye,420,Nushagak River,51,672,Chinook,410
379,2016,7/16/16,16101,Sockeye,420,Nushagak River,51,1943,Chinook,410
380,2016,7/17/16,11718,Sockeye,420,Nushagak River,51,1114,Chinook,410
381,2016,7/18/16,13403,Sockeye,420,Nushagak River,51,1178,Chinook,410
382,2015,6/5/15,28,Sockeye,420,Nushagak River,51,346,Chinook,410
383,2015,6/6/15,68,Sockeye,420,Nushagak River,51,475,Chinook,410
384,2015,6/7/15,5,Sockeye,420,Nushagak River,51,787,Chinook,410
385,2015,6/8/15,115,Sockeye,420,Nushagak River,51,724,Chinook,410
386,2015,6/9/15,195,Sockeye,420,Nushagak River,51,769,Chinook,410
387,2015,6/10/15,643,Sockeye,420,Nushagak River,51,2079,Chinook,410
388,2015,6/11/15,512,Sockeye,420,Nushagak River,51,751,Chinook,410
389,2015,6/12/15,959,Sockeye,420,Nushagak River,51,1419,Chinook,410
390,2015,6/13/15,3288,Sockeye,420,Nushagak River,51,3444,Chinook,410
391,2015,6/14/15,3128,Sockeye,420,Nushagak River,51,2070,Chinook,410
392,2015,6/15/15,3541,Sockeye,420,Nushagak River,51,805,Chinook,410
393,2015,6/16/15,2979,Sockeye,420,Nushagak River,51,463,Chinook,410
394,2015,6/17/15,3556,Sockeye,420,Nushagak River,51,833,Chinook,410
395,2015,6/18/15,3902,Sockeye,420,Nushagak River,51,365,Chinook,410
396,2015,6/19/15,8218,Sockeye,420,Nushagak River,51,401,Chinook,410
397,2015,6/20/15,22248,Sockeye,420,Nushagak River,51,4274,Chinook,410
398,2015,6/21/15,47907,Sockeye,420,Nushagak River,51,8895,Chinook,410
399,2015,6/22/15,21729,Sockeye,420,Nushagak River,51,1861,Chinook,410
400,2015,6/23/15,23112,Sockeye,420,Nushagak River,51,4579,Chinook,410
401,2015,6/24/15,25645,Sockeye,420,Nushagak River,51,3727,Chinook,410
402,2015,6/25/15,32225,Sockeye,420,Nushagak River,51,6058,Chinook,410
403,2015,6/26/15,13164,Sockeye,420,Nushagak River,51,2908,Chinook,410
404,2015,6/27/15,18975,Sockeye,420,Nushagak River,51,9427,Chinook,410
405,2015,6/28/15,37621,Sockeye,420,Nushagak River,51,6781,Chinook,410
406,2015,6/29/15,26475,Sockeye,420,Nushagak River,51,2777,Chinook,410
407,2015,6/30/15,22523,Sockeye,420,Nushagak River,51,3006,Chinook,410
408,2015,7/1/15,21598,Sockeye,420,Nushagak River,51,1258,Chinook,410
409,2015,7/2/15,13571,Sockeye,420,Nushagak River,51,1654,Chinook,410
410,2015,7/3/15,16387,Sockeye,420,Nushagak River,51,1822,Chinook,410
411,2015,7/4/15,16741,Sockeye,420,Nushagak River,51,2193,Chinook,410
412,2015,7/5/15,13308,Sockeye,420,Nushagak River,51,2444,Chinook,410
413,2015,7/6/15,25064,Sockeye,420,Nushagak River,51,2033,Chinook,410
414,2015,7/7/15,30592,Sockeye,420,Nushagak River,51,2918,Chinook,410
415,2015,7/8/15,44738,Sockeye,420,Nushagak River,51,3340,Chinook,410
416,2015,7/9/15,23194,Sockeye,420,Nushagak River,51,1247,Chinook,410
417,2015,7/10/15,22380,Sockeye,420,Nushagak River,51,1227,Chinook,410
418,2015,7/11/15,11970,Sockeye,420,Nushagak River,51,1477,Chinook,410
419,2015,7/12/15,26707,Sockeye,420,Nushagak River,51,816,Chinook,410
420,2015,7/13/15,35357,Sockeye,420,Nushagak River,51,1441,Chinook,410
421,2015,7/14/15,45670,Sockeye,420,Nushagak River,51,1190,Chinook,410
422,2015,7/15/15,30206,Sockeye,420,Nushagak River,51,419,Chinook,410
423,2015,7/16/15,21148,Sockeye,420,Nushagak River,51,524,Chinook,410
424,2015,7/17/15,28760,Sockeye,420,Nushagak River,51,495,Chinook,410
425,2015,7/18/15,46532,Sockeye,420,Nushagak River,51,1499,Chinook,410
426,2014,6/6/14,188,Sockeye,420,Nushagak River,51,55,Chinook,410
427,2014,6/7/14,387,Sockeye,420,Nushagak River,51,340,Chinook,410
428,2014,6/8/14,505,Sockeye,420,Nushagak River,51,541,Chinook,410
429,2014,6/9/14,264,Sockeye,420,Nushagak River,51,1821,Chinook,410
430,2014,6/10/14,1559,Sockeye,420,Nushagak River,51,5558,Chinook,410
431,2014,6/11/14,353,Sockeye,420,Nushagak River,51,2265,Chinook,410
432,2014,6/12/14,1393,Sockeye,420,Nushagak River,51,3704,Chinook,410
433,2014,6/13/14,2247,Sockeye,420,Nushagak River,51,1979,Chinook,410
434,2014,6/14/14,3341,Sockeye,420,Nushagak River,51,1316,Chinook,410
435,2014,6/15/14,4235,Sockeye,420,Nushagak River,51,7168,Chinook,410
436,2014,6/16/14,3524,Sockeye,420,Nushagak River,51,1647,Chinook,410
437,2014,6/17/14,1084,Sockeye,420,Nushagak River,51,1373,Chinook,410
438,2014,6/18/14,4168,Sockeye,420,Nushagak River,51,3283,Chinook,410
439,2014,6/19/14,6937,Sockeye,420,Nushagak River,51,4874,Chinook,410
440,2014,6/20/14,2693,Sockeye,420,Nushagak River,51,2479,Chinook,410
441,2014,6/21/14,7314,Sockeye,420,Nushagak River,51,1021,Chinook,410
442,2014,6/22/14,5856,Sockeye,420,Nushagak River,51,51,Chinook,410
443,2014,6/23/14,5043,Sockeye,420,Nushagak River,51,142,Chinook,410
444,2014,6/24/14,23291,Sockeye,420,Nushagak River,51,754,Chinook,410
445,2014,6/25/14,37572,Sockeye,420,Nushagak River,51,264,Chinook,410
446,2014,6/26/14,98422,Sockeye,420,Nushagak River,51,3351,Chinook,410
447,2014,6/27/14,71147,Sockeye,420,Nushagak River,51,2773,Chinook,410
448,2014,6/28/14,31457,Sockeye,420,Nushagak River,51,801,Chinook,410
449,2014,6/29/14,30528,Sockeye,420,Nushagak River,51,1495,Chinook,410
450,2014,6/30/14,28793,Sockeye,420,Nushagak River,51,2293,Chinook,410
451,2014,7/1/14,22609,Sockeye,420,Nushagak River,51,3006,Chinook,410
452,2014,7/2/14,21532,Sockeye,420,Nushagak River,51,1696,Chinook,410
453,2014,7/3/14,15697,Sockeye,420,Nushagak River,51,1258,Chinook,410
454,2014,7/4/14,20177,Sockeye,420,Nushagak River,51,190,Chinook,410
455,2014,7/5/14,27763,Sockeye,420,Nushagak River,51,408,Chinook,410
456,2014,7/6/14,19007,Sockeye,420,Nushagak River,51,1340,Chinook,410
457,2014,7/7/14,12933,Sockeye,420,Nushagak River,51,293,Chinook,410
458,2014,7/8/14,14315,Sockeye,420,Nushagak River,51,598,Chinook,410
459,2014,7/9/14,8230,Sockeye,420,Nushagak River,51,472,Chinook,410
460,2014,7/10/14,10681,Sockeye,420,Nushagak River,51,940,Chinook,410
461,2014,7/11/14,6508,Sockeye,420,Nushagak River,51,746,Chinook,410
462,2014,7/12/14,8743,Sockeye,420,Nushagak River,51,366,Chinook,410
463,2014,7/13/14,20687,Sockeye,420,Nushagak River,51,834,Chinook,410
464,2014,7/14/14,8681,Sockeye,420,Nushagak River,51,1990,Chinook,410
465,2014,7/15/14,7313,Sockeye,420,Nushagak River,51,495,Chinook,410
466,2014,7/16/14,4883,Sockeye,420,Nushagak River,51,0,Chinook,410
467,2014,7/17/14,6616,Sockeye,420,Nushagak River,51,454,Chinook,410
468,2014,7/18/14,6041,Sockeye,420,Nushagak River,51,50,Chinook,410
469,2014,7/19/14,0,Sockeye,420,Nushagak River,51,3527,Chinook,410
470,2014,7/20/14,0,Sockeye,420,Nushagak River,51,2150,Chinook,410
471,2014,7/21/14,0,Sockeye,420,Nushagak River,51,1085,Chinook,410
472,2014,7/22/14,0,Sockeye,420,Nushagak River,51,1414,Chinook,410
473,2014,7/23/14,0,Sockeye,420,Nushagak River,51,0,Chinook,410
474,2014,7/24/14,0,Sockeye,420,Nushagak River,51,0,Chinook,410
475,2014,7/25/14,0,Sockeye,420,Nushagak River,51,0,Chinook,410
476,2014,7/26/14,0,Sockeye,420,Nushagak River,51,0,Chinook,410
477,2014,7/27/14,3776,Sockeye,420,Nushagak River,51,0,Chinook,410
478,2014,7/28/14,0,Sockeye,420,Nushagak River,51,0,Chinook,410
479,2014,7/29/14,0,Sockeye,420,Nushagak River,51,0,Chinook,410
480,2014,7/30/14,0,Sockeye,420,Nushagak River,51,0,Chinook,410
481,2014,7/31/14,0,Sockeye,420,Nushagak River,51,0,Chinook,410
482,2014,8/1/14,0,Sockeye,420,Nushagak River,51,0,Chinook,410
483,2014,8/2/14,0,Sockeye,420,Nushagak River,51,0,Chinook,410
484,2014,8/3/14,0,Sockeye,420,Nushagak River,51,0,Chinook,410
485,2014,8/4/14,0,Sockeye,420,Nushagak River,51,0,Chinook,410
486,2014,8/5/14,0,Sockeye,420,Nushagak River,51,0,Chinook,410
487,2014,8/6/14,0,Sockeye,420,Nushagak River,51,0,Chinook,410
488,2014,8/7/14,0,Sockeye,420,Nushagak River,51,0,Chinook,410
489,2014,8/8/14,0,Sockeye,420,Nushagak River,51,0,Chinook,410
490,2014,8/9/14,0,Sockeye,420,Nushagak River,51,0,Chinook,410
491,2014,8/10/14,0,Sockeye,420,Nushagak River,51,0,Chinook,410
492,2014,8/11/14,0,Sockeye,420,Nushagak River,51,0,Chinook,410
493,2014,8/12/14,0,Sockeye,420,Nushagak River,51,0,Chinook,410
494,2014,8/13/14,0,Sockeye,420,Nushagak River,51,0,Chinook,410
495,2014,8/14/14,0,Sockeye,420,Nushagak River,51,0,Chinook,410
496,2014,8/15/14,0,Sockeye,420,Nushagak River,51,0,Chinook,410
497,2014,8/16/14,0,Sockeye,420,Nushagak River,51,0,Chinook,410
498,2013,6/11/13,649,Sockeye,420,Nushagak River,51,4249,Chinook,410
499,2013,6/12/13,291,Sockeye,420,Nushagak River,51,790,Chinook,410
500,2013,6/13/13,684,Sockeye,420,Nushagak River,51,584,Chinook,410
501,2013,6/14/13,1199,Sockeye,420,Nushagak River,51,546,Chinook,410
502,2013,6/15/13,1317,Sockeye,420,Nushagak River,51,1321,Chinook,410
503,2013,6/16/13,2198,Sockeye,420,Nushagak River,51,444,Chinook,410
504,2013,6/17/13,2046,Sockeye,420,Nushagak River,51,421,Chinook,410
505,2013,6/18/13,748,Sockeye,420,Nushagak River,51,250,Chinook,410
506,2013,6/19/13,2846,Sockeye,420,Nushagak River,51,735,Chinook,410
507,2013,6/20/13,60526,Sockeye,420,Nushagak River,51,3299,Chinook,410
508,2013,6/21/13,160868,Sockeye,420,Nushagak River,51,11026,Chinook,410
509,2013,6/22/13,135240,Sockeye,420,Nushagak River,51,6752,Chinook,410
510,2013,6/23/13,93813,Sockeye,420,Nushagak River,51,3608,Chinook,410
511,2013,6/24/13,85051,Sockeye,420,Nushagak River,51,5245,Chinook,410
512,2013,6/25/13,53846,Sockeye,420,Nushagak River,51,4793,Chinook,410
513,2013,6/26/13,25208,Sockeye,420,Nushagak River,51,6289,Chinook,410
514,2013,6/27/13,13875,Sockeye,420,Nushagak River,51,5988,Chinook,410
515,2013,6/28/13,18543,Sockeye,420,Nushagak River,51,7487,Chinook,410
516,2013,6/29/13,37553,Sockeye,420,Nushagak River,51,3041,Chinook,410
517,2013,6/30/13,11008,Sockeye,420,Nushagak River,51,2572,Chinook,410
518,2013,7/1/13,17728,Sockeye,420,Nushagak River,51,2338,Chinook,410
519,2013,7/2/13,19599,Sockeye,420,Nushagak River,51,2208,Chinook,410
520,2013,7/3/13,16799,Sockeye,420,Nushagak River,51,3791,Chinook,410
521,2013,7/4/13,24004,Sockeye,420,Nushagak River,51,2841,Chinook,410
522,2013,7/5/13,33554,Sockeye,420,Nushagak River,51,2200,Chinook,410
523,2013,7/6/13,16239,Sockeye,420,Nushagak River,51,1846,Chinook,410
524,2013,7/7/13,8404,Sockeye,420,Nushagak River,51,1390,Chinook,410
525,2013,7/8/13,5035,Sockeye,420,Nushagak River,51,1562,Chinook,410
526,2013,7/9/13,10064,Sockeye,420,Nushagak River,51,2864,Chinook,410
527,2013,7/10/13,10641,Sockeye,420,Nushagak River,51,1072,Chinook,410
528,2013,7/11/13,6707,Sockeye,420,Nushagak River,51,878,Chinook,410
529,2013,7/12/13,3123,Sockeye,420,Nushagak River,51,590,Chinook,410
530,2013,7/13/13,3086,Sockeye,420,Nushagak River,51,1868,Chinook,410
531,2013,7/14/13,1029,Sockeye,420,Nushagak River,51,758,Chinook,410
532,2013,7/15/13,2448,Sockeye,420,Nushagak River,51,1946,Chinook,410
533,2013,7/16/13,2459,Sockeye,420,Nushagak River,51,1442,Chinook,410
534,2013,7/17/13,1359,Sockeye,420,Nushagak River,51,3652,Chinook,410
535,2013,7/18/13,454,Sockeye,420,Nushagak River,51,951,Chinook,410
536,2013,7/19/13,864,Sockeye,420,Nushagak River,51,124,Chinook,410
537,2013,7/20/13,927,Sockeye,420,Nushagak River,51,2044,Chinook,410
538,2013,7/21/13,928,Sockeye,420,Nushagak River,51,2045,Chinook,410
539,2013,7/22/13,621,Sockeye,420,Nushagak River,51,139,Chinook,410
540,2013,7/23/13,327,Sockeye,420,Nushagak River,51,936,Chinook,410
541,2013,7/24/13,0,Sockeye,420,Nushagak River,51,1818,Chinook,410
542,2013,7/25/13,0,Sockeye,420,Nushagak River,51,560,Chinook,410
543,2013,7/26/13,0,Sockeye,420,Nushagak River,51,530,Chinook,410
544,2013,7/27/13,0,Sockeye,420,Nushagak River,51,1362,Chinook,410
545,2013,7/28/13,0,Sockeye,420,Nushagak River,51,548,Chinook,410
546,2013,7/29/13,0,Sockeye,420,Nushagak River,51,0,Chinook,410
547,2013,7/30/13,0,Sockeye,420,Nushagak River,51,0,Chinook,410
548,2013,7/31/13,0,Sockeye,420,Nushagak River,51,0,Chinook,410
549,2013,8/1/13,0,Sockeye,420,Nushagak River,51,0,Chinook,410
550,2012,6/12/12,574,Sockeye,420,Nushagak River,51,802,Chinook,410
551,2012,6/13/12,525,Sockeye,420,Nushagak River,51,291,Chinook,410
552,2012,6/14/12,105,Sockeye,420,Nushagak River,51,288,Chinook,410
553,2012,6/15/12,667,Sockeye,420,Nushagak River,51,31,Chinook,410
554,2012,6/16/12,236,Sockeye,420,Nushagak River,51,220,Chinook,410
555,2012,6/17/12,323,Sockeye,420,Nushagak River,51,407,Chinook,410
556,2012,6/18/12,780,Sockeye,420,Nushagak River,51,2001,Chinook,410
557,2012,6/19/12,2672,Sockeye,420,Nushagak River,51,2747,Chinook,410
558,2012,6/20/12,4449,Sockeye,420,Nushagak River,51,2271,Chinook,410
559,2012,6/21/12,2184,Sockeye,420,Nushagak River,51,1326,Chinook,410
560,2012,6/22/12,3889,Sockeye,420,Nushagak River,51,1288,Chinook,410
561,2012,6/23/12,1319,Sockeye,420,Nushagak River,51,1429,Chinook,410
562,2012,6/24/12,3810,Sockeye,420,Nushagak River,51,1617,Chinook,410
563,2012,6/25/12,28164,Sockeye,420,Nushagak River,51,6617,Chinook,410
564,2012,6/26/12,22119,Sockeye,420,Nushagak River,51,5244,Chinook,410
565,2012,6/27/12,14876,Sockeye,420,Nushagak River,51,1290,Chinook,410
566,2012,6/28/12,14394,Sockeye,420,Nushagak River,51,3812,Chinook,410
567,2012,6/29/12,6018,Sockeye,420,Nushagak River,51,3990,Chinook,410
568,2012,6/30/12,22602,Sockeye,420,Nushagak River,51,5599,Chinook,410
569,2012,7/1/12,11436,Sockeye,420,Nushagak River,51,4597,Chinook,410
570,2012,7/2/12,4290,Sockeye,420,Nushagak River,51,4125,Chinook,410
571,2012,7/3/12,10243,Sockeye,420,Nushagak River,51,4542,Chinook,410
572,2012,7/4/12,11239,Sockeye,420,Nushagak River,51,4280,Chinook,410
573,2012,7/5/12,28665,Sockeye,420,Nushagak River,51,1962,Chinook,410
574,2012,7/6/12,67529,Sockeye,420,Nushagak River,51,3092,Chinook,410
575,2012,7/7/12,59536,Sockeye,420,Nushagak River,51,2325,Chinook,410
576,2012,7/8/12,21678,Sockeye,420,Nushagak River,51,2811,Chinook,410
577,2012,7/9/12,12344,Sockeye,420,Nushagak River,51,1291,Chinook,410
578,2012,7/10/12,15014,Sockeye,420,Nushagak River,51,1812,Chinook,410
579,2012,7/11/12,6703,Sockeye,420,Nushagak River,51,1745,Chinook,410
580,2012,7/12/12,4488,Sockeye,420,Nushagak River,51,2200,Chinook,410
581,2012,7/13/12,8461,Sockeye,420,Nushagak River,51,1268,Chinook,410
582,2012,7/14/12,2682,Sockeye,420,Nushagak River,51,2112,Chinook,410
583,2012,7/15/12,3685,Sockeye,420,Nushagak River,51,2850,Chinook,410
584,2012,7/16/12,3381,Sockeye,420,Nushagak River,51,4054,Chinook,410
585,2012,7/17/12,2498,Sockeye,420,Nushagak River,51,981,Chinook,410
586,2012,7/18/12,3196,Sockeye,420,Nushagak River,51,4189,Chinook,410
587,2012,7/19/12,4900,Sockeye,420,Nushagak River,51,1454,Chinook,410
588,2012,7/20/12,2992,Sockeye,420,Nushagak River,51,1205,Chinook,410
589,2012,7/21/12,1107,Sockeye,420,Nushagak River,51,1856,Chinook,410
590,2012,7/22/12,378,Sockeye,420,Nushagak River,51,831,Chinook,410
591,2012,7/23/12,5120,Sockeye,420,Nushagak River,51,1496,Chinook,410
592,2012,7/24/12,1345,Sockeye,420,Nushagak River,51,550,Chinook,410
593,2012,7/25/12,3258,Sockeye,420,Nushagak River,51,1808,Chinook,410
594,2012,7/26/12,2005,Sockeye,420,Nushagak River,51,2511,Chinook,410
595,2012,7/27/12,2146,Sockeye,420,Nushagak River,51,1335,Chinook,410
596,2012,7/28/12,3224,Sockeye,420,Nushagak River,51,762,Chinook,410
597,2012,7/29/12,248,Sockeye,420,Nushagak River,51,2218,Chinook,410
598,2012,7/31/12,1092,Sockeye,420,Nushagak River,51,985,Chinook,410
599,2011,6/6/11,10,Sockeye,420,Nushagak River,51,12,Chinook,410
600,2011,6/7/11,18,Sockeye,420,Nushagak River,51,103,Chinook,410
601,2011,6/8/11,56,Sockeye,420,Nushagak River,51,126,Chinook,410
602,2011,6/9/11,67,Sockeye,420,Nushagak River,51,119,Chinook,410
603,2011,6/10/11,44,Sockeye,420,Nushagak River,51,81,Chinook,410
604,2011,6/11/11,263,Sockeye,420,Nushagak River,51,1193,Chinook,410
605,2011,6/12/11,1195,Sockeye,420,Nushagak River,51,959,Chinook,410
606,2011,6/13/11,532,Sockeye,420,Nushagak River,51,444,Chinook,410
607,2011,6/14/11,1085,Sockeye,420,Nushagak River,51,326,Chinook,410
608,2011,6/15/11,4422,Sockeye,420,Nushagak River,51,1341,Chinook,410
609,2011,6/16/11,984,Sockeye,420,Nushagak River,51,480,Chinook,410
610,2011,6/17/11,771,Sockeye,420,Nushagak River,51,104,Chinook,410
611,2011,6/18/11,1061,Sockeye,420,Nushagak River,51,156,Chinook,410
612,2011,6/19/11,3272,Sockeye,420,Nushagak River,51,66,Chinook,410
613,2011,6/20/11,5585,Sockeye,420,Nushagak River,51,122,Chinook,410
614,2011,6/21/11,7734,Sockeye,420,Nushagak River,51,981,Chinook,410
615,2011,6/22/11,19259,Sockeye,420,Nushagak River,51,2238,Chinook,410
616,2011,6/23/11,26327,Sockeye,420,Nushagak River,51,7473,Chinook,410
617,2011,6/24/11,34302,Sockeye,420,Nushagak River,51,1907,Chinook,410
618,2011,6/25/11,24303,Sockeye,420,Nushagak River,51,308,Chinook,410
619,2011,6/26/11,25725,Sockeye,420,Nushagak River,51,610,Chinook,410
620,2011,6/27/11,25639,Sockeye,420,Nushagak River,51,6778,Chinook,410
621,2011,6/28/11,53622,Sockeye,420,Nushagak River,51,5790,Chinook,410
622,2011,6/29/11,19355,Sockeye,420,Nushagak River,51,1593,Chinook,410
623,2011,6/30/11,19315,Sockeye,420,Nushagak River,51,2392,Chinook,410
624,2011,7/1/11,15514,Sockeye,420,Nushagak River,51,1578,Chinook,410
625,2011,7/2/11,15764,Sockeye,420,Nushagak River,51,3073,Chinook,410
626,2011,7/3/11,24599,Sockeye,420,Nushagak River,51,1321,Chinook,410
627,2011,7/4/11,14198,Sockeye,420,Nushagak River,51,1153,Chinook,410
628,2011,7/5/11,7925,Sockeye,420,Nushagak River,51,1645,Chinook,410
629,2011,7/6/11,11415,Sockeye,420,Nushagak River,51,1119,Chinook,410
630,2011,7/7/11,5030,Sockeye,420,Nushagak River,51,1659,Chinook,410
631,2011,7/8/11,8348,Sockeye,420,Nushagak River,51,1201,Chinook,410
632,2011,7/9/11,11671,Sockeye,420,Nushagak River,51,2277,Chinook,410
633,2011,7/10/11,10581,Sockeye,420,Nushagak River,51,2473,Chinook,410
634,2011,7/11/11,6574,Sockeye,420,Nushagak River,51,642,Chinook,410
635,2011,7/12/11,2250,Sockeye,420,Nushagak River,51,1995,Chinook,410
636,2011,7/13/11,4564,Sockeye,420,Nushagak River,51,1073,Chinook,410
637,2011,7/14/11,1505,Sockeye,420,Nushagak River,51,1390,Chinook,410
638,2011,7/15/11,4103,Sockeye,420,Nushagak River,51,402,Chinook,410
639,2011,7/16/11,3513,Sockeye,420,Nushagak River,51,334,Chinook,410
640,2011,7/17/11,3885,Sockeye,420,Nushagak River,51,334,Chinook,410
641,2011,7/18/11,806,Sockeye,420,Nushagak River,51,139,Chinook,410
642,2011,7/19/11,1000,Sockeye,420,Nushagak River,51,218,Chinook,410
